{
    "openapi": "3.0.0",
    "info": {
        "title": "Your super  ApplicationAPI",
        "version": "1.0.0"
    },
    "paths": {
        "/api/register": {
            "post": {
                "tags": [
                    "Register"
                ],
                "summary": "User Registration",
                "description": "User Registration here",
                "operationId": "Register",
                "requestBody": {
                    "content": {
                        "multipart/form-data": {
                            "schema": {
                                "required": [
                                    "first_name",
                                    "last_name",
                                    "email",
                                    "id_number",
                                    "pay_number",
                                    "password",
                                    "password_confirmation"
                                ],
                                "properties": {
                                    "first_name": {
                                        "type": "text"
                                    },
                                    "last_name": {
                                        "type": "text"
                                    },
                                    "email": {
                                        "type": "text"
                                    },
                                    "pay_number": {
                                        "type": "text"
                                    },
                                    "password": {
                                        "type": "password"
                                    },
                                    "password_confirmation": {
                                        "type": "password"
                                    }
                                },
                                "type": "object"
                            }
                        },
                        "application/json": {
                            "schema": {}
                        }
                    }
                },
                "responses": {
                    "201": {
                        "description": "Register Successfully",
                        "content": {
                            "application/json": {
                                "schema": {}
                            }
                        }
                    },
                    "200": {
                        "description": "Register Successfully",
                        "content": {
                            "application/json": {
                                "schema": {}
                            }
                        }
                    },
                    "422": {
                        "description": "Unprocessable Entity",
                        "content": {
                            "application/json": {
                                "schema": {}
                            }
                        }
                    },
                    "400": {
                        "description": "Bad request"
                    },
                    "404": {
                        "description": "Resource Not Found"
                    }
                }
            }
        },
        "/api/logAsadmin": {
            "post": {
                "tags": [
                    "Login"
                ],
                "summary": "Admin Login",
                "description": "Login User Here",
                "operationId": "AdminLogin",
                "requestBody": {
                    "content": {
                        "multipart/form-data": {
                            "schema": {
                                "required": [
                                    "email",
                                    "password"
                                ],
                                "properties": {
                                    "email": {
                                        "type": "email"
                                    },
                                    "password": {
                                        "type": "password"
                                    }
                                },
                                "type": "object"
                            }
                        },
                        "application/json": {
                            "schema": {}
                        }
                    }
                },
                "responses": {
                    "201": {
                        "description": "Login Successfully",
                        "content": {
                            "application/json": {
                                "schema": {}
                            }
                        }
                    },
                    "200": {
                        "description": "Login Successfully",
                        "content": {
                            "application/json": {
                                "schema": {}
                            }
                        }
                    },
                    "422": {
                        "description": "Unprocessable Entity",
                        "content": {
                            "application/json": {
                                "schema": {}
                            }
                        }
                    },
                    "400": {
                        "description": "Bad request"
                    },
                    "404": {
                        "description": "Resource Not Found"
                    }
                }
            }
        },
        "/api/login": {
            "post": {
                "tags": [
                    "Login"
                ],
                "summary": "User Login",
                "description": "Login User Here",
                "operationId": "authLogin",
                "requestBody": {
                    "content": {
                        "multipart/form-data": {
                            "schema": {
                                "required": [
                                    "pay_number",
                                    "password"
                                ],
                                "properties": {
                                    "pay_number": {
                                        "type": "text"
                                    },
                                    "password": {
                                        "type": "password"
                                    }
                                },
                                "type": "object"
                            }
                        },
                        "application/json": {
                            "schema": {}
                        }
                    }
                },
                "responses": {
                    "201": {
                        "description": "Login Successfully",
                        "content": {
                            "application/json": {
                                "schema": {}
                            }
                        }
                    },
                    "200": {
                        "description": "Login Successfully",
                        "content": {
                            "application/json": {
                                "schema": {}
                            }
                        }
                    },
                    "422": {
                        "description": "Unprocessable Entity",
                        "content": {
                            "application/json": {
                                "schema": {}
                            }
                        }
                    },
                    "400": {
                        "description": "Bad request"
                    },
                    "404": {
                        "description": "Resource Not Found"
                    }
                }
            }
        },
        "/api/userdetails": {
            "get": {
                "tags": [
                    "UserDetails"
                ],
                "summary": "Get list of User  Details",
                "description": "Returns list Users details",
                "operationId": "getuserdetailsList",
                "responses": {
                    "200": {
                        "description": "Successful operation",
                        "content": {
                            "application/json": {
                                "schema": {}
                            }
                        }
                    },
                    "401": {
                        "description": "Unauthenticated"
                    },
                    "403": {
                        "description": "Forbidden"
                    }
                }
            },
            "post": {
                "tags": [
                    "UserDetails"
                ],
                "summary": "Save User Details",
                "description": "Saving User  details",
                "operationId": "userdetailsCreate",
                "requestBody": {
                    "content": {
                        "multipart/form-data": {
                            "schema": {
                                "required": [
                                    "tittle",
                                    "mobile",
                                    "source_of_income",
                                    "nat_id",
                                    "date_of_birth",
                                    "gender",
                                    "address"
                                ],
                                "properties": {
                                    "tittle": {
                                        "type": "text"
                                    },
                                    "mobile": {
                                        "type": "text"
                                    },
                                    "nat_id": {
                                        "type": "text"
                                    },
                                    "date_of_birth": {
                                        "type": "string",
                                        "format": "date"
                                    },
                                    "gender": {
                                        "type": "text"
                                    },
                                    "address": {
                                        "type": "text"
                                    },
                                    "source_of_income": {
                                        "type": "text"
                                    }
                                },
                                "type": "object"
                            }
                        },
                        "application/json": {
                            "schema": {}
                        }
                    }
                },
                "responses": {
                    "201": {
                        "description": "User Details Saved Successfully",
                        "content": {
                            "application/json": {
                                "schema": {}
                            }
                        }
                    },
                    "200": {
                        "description": "User Details Saved Successfully",
                        "content": {
                            "application/json": {
                                "schema": {}
                            }
                        }
                    },
                    "422": {
                        "description": "Unprocessable Entity",
                        "content": {
                            "application/json": {
                                "schema": {}
                            }
                        }
                    },
                    "400": {
                        "description": "Bad request"
                    },
                    "404": {
                        "description": "Resource Not Found"
                    }
                }
            }
        },
        "/api/userdetails/{id}": {
            "put": {
                "tags": [
                    "UserDetails"
                ],
                "summary": "Update User Details",
                "description": "Updating User  details",
                "operationId": "userdetailsUpdate",
                "requestBody": {
                    "content": {
                        "multipart/form-data": {
                            "schema": {
                                "required": [
                                    "tittle",
                                    "source_of_income",
                                    "mobile",
                                    "nat_id",
                                    "date_of_birth",
                                    "gender",
                                    "address"
                                ],
                                "properties": {
                                    "tittle": {
                                        "type": "text"
                                    },
                                    "mobile": {
                                        "type": "text"
                                    },
                                    "nat_id": {
                                        "type": "text"
                                    },
                                    "date_of_birth": {
                                        "type": "string",
                                        "format": "date"
                                    },
                                    "gender": {
                                        "type": "text"
                                    },
                                    "address": {
                                        "type": "text"
                                    },
                                    "source_of_income": {
                                        "type": "text"
                                    }
                                },
                                "type": "object"
                            }
                        },
                        "application/json": {
                            "schema": {}
                        }
                    }
                },
                "responses": {
                    "201": {
                        "description": "User Details Updated Successfully",
                        "content": {
                            "application/json": {
                                "schema": {}
                            }
                        }
                    },
                    "200": {
                        "description": "User Details Updated Successfully",
                        "content": {
                            "application/json": {
                                "schema": {}
                            }
                        }
                    },
                    "422": {
                        "description": "Unprocessable Entity",
                        "content": {
                            "application/json": {
                                "schema": {}
                            }
                        }
                    },
                    "400": {
                        "description": "Bad request"
                    },
                    "404": {
                        "description": "Resource Not Found"
                    }
                }
            },
            "delete": {
                "tags": [
                    "UserDetails"
                ],
                "summary": "Delete User  Details",
                "description": "Deleting User  details",
                "operationId": "UserDetailsDelete",
                "parameters": [
                    {
                        "name": "id",
                        "in": "path",
                        "description": "Project id",
                        "required": true,
                        "schema": {
                            "type": "integer"
                        }
                    }
                ],
                "responses": {
                    "204": {
                        "description": "Successful operation",
                        "content": {
                            "application/json": {
                                "schema": {}
                            }
                        }
                    },
                    "401": {
                        "description": "Unauthenticated"
                    },
                    "403": {
                        "description": "Forbidden"
                    },
                    "404": {
                        "description": "Resource Not Found"
                    }
                }
            }
        },
        "/api/bankingdetails": {
            "get": {
                "tags": [
                    "BankingDetails"
                ],
                "summary": "Get list of Banking Details",
                "description": "Returns list of Banking Details",
                "operationId": "getBankingdetaillist",
                "responses": {
                    "200": {
                        "description": "Successful operation",
                        "content": {
                            "application/json": {
                                "schema": {}
                            }
                        }
                    },
                    "401": {
                        "description": "Unauthenticated"
                    },
                    "403": {
                        "description": "Forbidden"
                    }
                }
            },
            "post": {
                "tags": [
                    "BankingDetails"
                ],
                "summary": "Save bank Details",
                "description": "Saving Banking details",
                "operationId": "BankingdetailsCreate",
                "requestBody": {
                    "content": {
                        "multipart/form-data": {
                            "schema": {
                                "required": [
                                    "bank",
                                    "bank_branch",
                                    "branch_code",
                                    "acc_name",
                                    "acc_number",
                                    "acc_type"
                                ],
                                "properties": {
                                    "bank": {
                                        "type": "text"
                                    },
                                    "bank_branch": {
                                        "type": "text"
                                    },
                                    "branch_code": {
                                        "type": "text"
                                    },
                                    "acc_name": {
                                        "type": "text"
                                    },
                                    "acc_number": {
                                        "type": "text"
                                    },
                                    "acc_type": {
                                        "type": "text"
                                    }
                                },
                                "type": "object"
                            }
                        },
                        "application/json": {
                            "schema": {}
                        }
                    }
                },
                "responses": {
                    "201": {
                        "description": "Banking Details Saved Successfully",
                        "content": {
                            "application/json": {
                                "schema": {}
                            }
                        }
                    },
                    "200": {
                        "description": "Banking Details Saved Successfully",
                        "content": {
                            "application/json": {
                                "schema": {}
                            }
                        }
                    },
                    "422": {
                        "description": "Unprocessable Entity",
                        "content": {
                            "application/json": {
                                "schema": {}
                            }
                        }
                    },
                    "400": {
                        "description": "Bad request"
                    },
                    "404": {
                        "description": "Resource Not Found"
                    }
                }
            }
        },
        "/api/bankingdetails/{id}": {
            "put": {
                "tags": [
                    "BankingDetails"
                ],
                "summary": "Update Banking Details",
                "description": "Updating Banking details",
                "operationId": "BankBranchUpdate",
                "requestBody": {
                    "content": {
                        "multipart/form-data": {
                            "schema": {
                                "required": [
                                    "bank",
                                    "bank_branch",
                                    "branch_code",
                                    "acc_name",
                                    "acc_number",
                                    "acc_type"
                                ],
                                "properties": {
                                    "bank": {
                                        "type": "text"
                                    },
                                    "bank_branch": {
                                        "type": "text"
                                    },
                                    "branch_code": {
                                        "type": "text"
                                    },
                                    "acc_name": {
                                        "type": "text"
                                    },
                                    "acc_number": {
                                        "type": "text"
                                    },
                                    "acc_type": {
                                        "type": "text"
                                    }
                                },
                                "type": "object"
                            }
                        },
                        "application/json": {
                            "schema": {}
                        }
                    }
                },
                "responses": {
                    "201": {
                        "description": "Banking Details Updated Successfully",
                        "content": {
                            "application/json": {
                                "schema": {}
                            }
                        }
                    },
                    "200": {
                        "description": "Banking Details Updated Successfully",
                        "content": {
                            "application/json": {
                                "schema": {}
                            }
                        }
                    },
                    "422": {
                        "description": "Unprocessable Entity",
                        "content": {
                            "application/json": {
                                "schema": {}
                            }
                        }
                    },
                    "400": {
                        "description": "Bad request"
                    },
                    "404": {
                        "description": "Resource Not Found"
                    }
                }
            },
            "delete": {
                "tags": [
                    "BankingDetails"
                ],
                "summary": "Delete Banking  Details",
                "description": "Deleting Banking details",
                "operationId": "BankBranchDelete",
                "parameters": [
                    {
                        "name": "id",
                        "in": "path",
                        "description": "Project id",
                        "required": true,
                        "schema": {
                            "type": "integer"
                        }
                    }
                ],
                "responses": {
                    "204": {
                        "description": "Successful operation",
                        "content": {
                            "application/json": {
                                "schema": {}
                            }
                        }
                    },
                    "401": {
                        "description": "Unauthenticated"
                    },
                    "403": {
                        "description": "Forbidden"
                    },
                    "404": {
                        "description": "Resource Not Found"
                    }
                }
            }
        },
        "/api/deductions": {
            "get": {
                "tags": [
                    "Deductions"
                ],
                "summary": "Get list of Deductions",
                "description": "Returns list of Deductions",
                "operationId": "getDeductionsList",
                "responses": {
                    "200": {
                        "description": "Successful operation",
                        "content": {
                            "application/json": {
                                "schema": {}
                            }
                        }
                    },
                    "401": {
                        "description": "Unauthenticated"
                    },
                    "403": {
                        "description": "Forbidden"
                    }
                }
            },
            "post": {
                "tags": [
                    "Deductions"
                ],
                "summary": "Save Deductions Details",
                "description": "Saving Deductions details",
                "operationId": "DeductionsCreate",
                "requestBody": {
                    "content": {
                        "multipart/form-data": {
                            "schema": {
                                "required": [
                                    "joining_fee",
                                    "annual_sub",
                                    "shares",
                                    "monthly_saving"
                                ],
                                "properties": {
                                    "joining_fee": {
                                        "type": "text"
                                    },
                                    "annual_sub": {
                                        "type": "text"
                                    },
                                    "shares": {
                                        "type": "text"
                                    },
                                    "monthly_saving": {
                                        "type": "text"
                                    }
                                },
                                "type": "object"
                            }
                        },
                        "application/json": {
                            "schema": {}
                        }
                    }
                },
                "responses": {
                    "201": {
                        "description": "Deductions Saved Successfully",
                        "content": {
                            "application/json": {
                                "schema": {}
                            }
                        }
                    },
                    "200": {
                        "description": "Deductions Saved Successfully",
                        "content": {
                            "application/json": {
                                "schema": {}
                            }
                        }
                    },
                    "422": {
                        "description": "Unprocessable Entity",
                        "content": {
                            "application/json": {
                                "schema": {}
                            }
                        }
                    },
                    "400": {
                        "description": "Bad request"
                    },
                    "404": {
                        "description": "Resource Not Found"
                    }
                }
            }
        },
        "/api/deductions/{id}": {
            "put": {
                "tags": [
                    "Deductions"
                ],
                "summary": "Update Deductions Details",
                "description": "Updating Deductions details",
                "operationId": "DeductionsByUpdate",
                "requestBody": {
                    "content": {
                        "multipart/form-data": {
                            "schema": {
                                "required": [
                                    "joining_fee",
                                    "annual_sub",
                                    "shares",
                                    "monthly_saving"
                                ],
                                "properties": {
                                    "joining_fee": {
                                        "type": "text"
                                    },
                                    "annual_sub": {
                                        "type": "text"
                                    },
                                    "shares": {
                                        "type": "text"
                                    },
                                    "monthly_saving": {
                                        "type": "text"
                                    }
                                },
                                "type": "object"
                            }
                        },
                        "application/json": {
                            "schema": {}
                        }
                    }
                },
                "responses": {
                    "201": {
                        "description": "Deductions Updated Successfully",
                        "content": {
                            "application/json": {
                                "schema": {}
                            }
                        }
                    },
                    "200": {
                        "description": "Deductions Updated Successfully",
                        "content": {
                            "application/json": {
                                "schema": {}
                            }
                        }
                    },
                    "422": {
                        "description": "Unprocessable Entity",
                        "content": {
                            "application/json": {
                                "schema": {}
                            }
                        }
                    },
                    "400": {
                        "description": "Bad request"
                    },
                    "404": {
                        "description": "Resource Not Found"
                    }
                }
            },
            "delete": {
                "tags": [
                    "Deductions"
                ],
                "summary": "Delete Deductions Details",
                "description": "Deleting Deductions details",
                "operationId": "DeductionsDelete",
                "parameters": [
                    {
                        "name": "id",
                        "in": "path",
                        "description": "Project id",
                        "required": true,
                        "schema": {
                            "type": "integer"
                        }
                    }
                ],
                "responses": {
                    "204": {
                        "description": "Successful operation",
                        "content": {
                            "application/json": {
                                "schema": {}
                            }
                        }
                    },
                    "401": {
                        "description": "Unauthenticated"
                    },
                    "403": {
                        "description": "Forbidden"
                    },
                    "404": {
                        "description": "Resource Not Found"
                    }
                }
            }
        },
        "/api/employmentdetails": {
            "get": {
                "tags": [
                    "EmploymentDetails"
                ],
                "summary": "Get list Employment Details",
                "description": "Returns list of Employment Details",
                "operationId": "getEmploymentDetailsList",
                "responses": {
                    "200": {
                        "description": "Successful operation",
                        "content": {
                            "application/json": {
                                "schema": {}
                            }
                        }
                    },
                    "401": {
                        "description": "Unauthenticated"
                    },
                    "403": {
                        "description": "Forbidden"
                    }
                }
            },
            "post": {
                "tags": [
                    "EmploymentDetails"
                ],
                "summary": "Save Employment  Details",
                "description": "Saving Employment  details",
                "operationId": "EmploymentDetailsCreate",
                "requestBody": {
                    "content": {
                        "multipart/form-data": {
                            "schema": {
                                "required": [
                                    "employer",
                                    "employer_phone",
                                    "department",
                                    "grade",
                                    "position_at_work",
                                    "date_of_employment",
                                    "employer_address"
                                ],
                                "properties": {
                                    "employer": {
                                        "type": "text"
                                    },
                                    "employer_phone": {
                                        "type": "text"
                                    },
                                    "position_at_work": {
                                        "type": "text"
                                    },
                                    "grade": {
                                        "type": "text"
                                    },
                                    "date_of_employment": {
                                        "type": "string",
                                        "format": "date"
                                    },
                                    "employer_address": {
                                        "type": "text"
                                    },
                                    "department": {
                                        "type": "text"
                                    }
                                },
                                "type": "object"
                            }
                        },
                        "application/json": {
                            "schema": {}
                        }
                    }
                },
                "responses": {
                    "201": {
                        "description": "User Details Saved Successfully",
                        "content": {
                            "application/json": {
                                "schema": {}
                            }
                        }
                    },
                    "200": {
                        "description": "User Details Saved Successfully",
                        "content": {
                            "application/json": {
                                "schema": {}
                            }
                        }
                    },
                    "422": {
                        "description": "Unprocessable Entity",
                        "content": {
                            "application/json": {
                                "schema": {}
                            }
                        }
                    },
                    "400": {
                        "description": "Bad request"
                    },
                    "404": {
                        "description": "Resource Not Found"
                    }
                }
            }
        },
        "/api/employmentdetails/{id}": {
            "put": {
                "tags": [
                    "EmploymentDetails"
                ],
                "summary": "Update Employment  Details",
                "description": "Updating Employment  details",
                "operationId": "EmploymentDetailsUpdate",
                "requestBody": {
                    "content": {
                        "multipart/form-data": {
                            "schema": {
                                "required": [
                                    "employer",
                                    "department",
                                    "employer_phone",
                                    "grade",
                                    "position_at_work",
                                    "date_of_employment",
                                    "employer_address"
                                ],
                                "properties": {
                                    "employer": {
                                        "type": "text"
                                    },
                                    "employer_phone": {
                                        "type": "text"
                                    },
                                    "position_at_work": {
                                        "type": "text"
                                    },
                                    "grade": {
                                        "type": "text"
                                    },
                                    "date_of_employment": {
                                        "type": "string",
                                        "format": "date"
                                    },
                                    "employer_address": {
                                        "type": "text"
                                    },
                                    "department": {
                                        "type": "text"
                                    }
                                },
                                "type": "object"
                            }
                        },
                        "application/json": {
                            "schema": {}
                        }
                    }
                },
                "responses": {
                    "201": {
                        "description": "User Details Updated Successfully",
                        "content": {
                            "application/json": {
                                "schema": {}
                            }
                        }
                    },
                    "200": {
                        "description": "User Details Updated Successfully",
                        "content": {
                            "application/json": {
                                "schema": {}
                            }
                        }
                    },
                    "422": {
                        "description": "Unprocessable Entity",
                        "content": {
                            "application/json": {
                                "schema": {}
                            }
                        }
                    },
                    "400": {
                        "description": "Bad request"
                    },
                    "404": {
                        "description": "Resource Not Found"
                    }
                }
            },
            "delete": {
                "tags": [
                    "EmploymentDetails"
                ],
                "summary": "Delete Employment Details",
                "description": "Deleting Employment  details",
                "operationId": "EmploymentDetailsDelete",
                "parameters": [
                    {
                        "name": "id",
                        "in": "path",
                        "description": "Project id",
                        "required": true,
                        "schema": {
                            "type": "integer"
                        }
                    }
                ],
                "responses": {
                    "204": {
                        "description": "Successful operation",
                        "content": {
                            "application/json": {
                                "schema": {}
                            }
                        }
                    },
                    "401": {
                        "description": "Unauthenticated"
                    },
                    "403": {
                        "description": "Forbidden"
                    },
                    "404": {
                        "description": "Resource Not Found"
                    }
                }
            }
        },
        "/api/loan": {
            "get": {
                "tags": [
                    "Loans"
                ],
                "summary": "Get list of Loan ",
                "description": "Returns list Loans ",
                "operationId": "getloansList",
                "responses": {
                    "200": {
                        "description": "Successful operation",
                        "content": {
                            "application/json": {
                                "schema": {}
                            }
                        }
                    },
                    "401": {
                        "description": "Unauthenticated"
                    },
                    "403": {
                        "description": "Forbidden"
                    }
                }
            },
            "post": {
                "tags": [
                    "Loans"
                ],
                "summary": "Save Loan ",
                "description": "Saving Loan  ",
                "operationId": "loanCreate",
                "requestBody": {
                    "content": {
                        "multipart/form-data": {
                            "schema": {
                                "required": [
                                    "loan_name",
                                    "loan_purpose",
                                    "monthly_installments",
                                    "repayment_period",
                                    "type",
                                    "applied_date",
                                    "amount",
                                    "approved_date",
                                    "status"
                                ],
                                "properties": {
                                    "loan_name": {
                                        "type": "text"
                                    },
                                    "loan_purpose": {
                                        "type": "text"
                                    },
                                    "type": {
                                        "type": "text"
                                    },
                                    "applied_date": {
                                        "type": "string",
                                        "format": "date"
                                    },
                                    "approved_date": {
                                        "type": "string",
                                        "format": "date"
                                    },
                                    "amount": {
                                        "type": "text"
                                    },
                                    "status": {
                                        "type": "text"
                                    },
                                    "monthly_installments": {
                                        "type": "text"
                                    },
                                    "repayment_period": {
                                        "type": "text"
                                    }
                                },
                                "type": "object"
                            }
                        },
                        "application/json": {
                            "schema": {}
                        }
                    }
                },
                "responses": {
                    "201": {
                        "description": "Loan Details Saved Successfully",
                        "content": {
                            "application/json": {
                                "schema": {}
                            }
                        }
                    },
                    "200": {
                        "description": "Loan Details Saved Successfully",
                        "content": {
                            "application/json": {
                                "schema": {}
                            }
                        }
                    },
                    "422": {
                        "description": "Unprocessable Entity",
                        "content": {
                            "application/json": {
                                "schema": {}
                            }
                        }
                    },
                    "400": {
                        "description": "Bad request"
                    },
                    "404": {
                        "description": "Resource Not Found"
                    }
                }
            }
        },
        "/api/loan/{id}": {
            "put": {
                "tags": [
                    "Loans"
                ],
                "summary": "Update Loan Details",
                "description": "Updating Loan  details",
                "operationId": "loanUpdate",
                "requestBody": {
                    "content": {
                        "multipart/form-data": {
                            "schema": {
                                "required": [
                                    "loan_name",
                                    "monthly_installments",
                                    "repayment_period",
                                    "loan_purpose",
                                    "type",
                                    "applied_date",
                                    "approved_date",
                                    "amount",
                                    "status"
                                ],
                                "properties": {
                                    "loan_name": {
                                        "type": "text"
                                    },
                                    "loan_purpose": {
                                        "type": "text"
                                    },
                                    "type": {
                                        "type": "text"
                                    },
                                    "applied_date": {
                                        "type": "string",
                                        "format": "date"
                                    },
                                    "approved_date": {
                                        "type": "string",
                                        "format": "date"
                                    },
                                    "amount": {
                                        "type": "text"
                                    },
                                    "status": {
                                        "type": "text"
                                    },
                                    "monthly_installments": {
                                        "type": "text"
                                    },
                                    "repayment_period": {
                                        "type": "text"
                                    }
                                },
                                "type": "object"
                            }
                        },
                        "application/json": {
                            "schema": {}
                        }
                    }
                },
                "responses": {
                    "201": {
                        "description": "Loan Details Updated Successfully",
                        "content": {
                            "application/json": {
                                "schema": {}
                            }
                        }
                    },
                    "200": {
                        "description": "Loan Details Updated Successfully",
                        "content": {
                            "application/json": {
                                "schema": {}
                            }
                        }
                    },
                    "422": {
                        "description": "Unprocessable Entity",
                        "content": {
                            "application/json": {
                                "schema": {}
                            }
                        }
                    },
                    "400": {
                        "description": "Bad request"
                    },
                    "404": {
                        "description": "Resource Not Found"
                    }
                }
            },
            "delete": {
                "tags": [
                    "Loans"
                ],
                "summary": "Delete Loan  Details",
                "description": "Deleting Loan  details",
                "operationId": "loansDelete",
                "parameters": [
                    {
                        "name": "id",
                        "in": "path",
                        "description": "Project id",
                        "required": true,
                        "schema": {
                            "type": "integer"
                        }
                    }
                ],
                "responses": {
                    "204": {
                        "description": "Successful operation",
                        "content": {
                            "application/json": {
                                "schema": {}
                            }
                        }
                    },
                    "401": {
                        "description": "Unauthenticated"
                    },
                    "403": {
                        "description": "Forbidden"
                    },
                    "404": {
                        "description": "Resource Not Found"
                    }
                }
            }
        },
        "/api/nextofkin": {
            "get": {
                "tags": [
                    "NextOfKin"
                ],
                "summary": "Get list of Next of kins",
                "description": "Returns list of Next of kins",
                "operationId": "getnextofkinList",
                "responses": {
                    "200": {
                        "description": "Successful operation",
                        "content": {
                            "application/json": {
                                "schema": {}
                            }
                        }
                    },
                    "401": {
                        "description": "Unauthenticated"
                    },
                    "403": {
                        "description": "Forbidden"
                    }
                }
            },
            "post": {
                "tags": [
                    "NextOfKin"
                ],
                "summary": "Save Next of Kin Details",
                "description": "Saving next of kin details",
                "operationId": "NextOfKinCreate",
                "requestBody": {
                    "content": {
                        "multipart/form-data": {
                            "schema": {
                                "required": [
                                    "name",
                                    "surname",
                                    "mobile_num",
                                    "nat_id",
                                    "date_of_birth",
                                    "gender",
                                    "relationship",
                                    "address"
                                ],
                                "properties": {
                                    "name": {
                                        "type": "text"
                                    },
                                    "surname": {
                                        "type": "text"
                                    },
                                    "mobile_num": {
                                        "type": "text"
                                    },
                                    "nat_id": {
                                        "type": "text"
                                    },
                                    "date_of_birth": {
                                        "type": "string",
                                        "format": "date"
                                    },
                                    "gender": {
                                        "type": "text"
                                    },
                                    "relationship": {
                                        "type": "text"
                                    },
                                    "address": {
                                        "type": "text"
                                    }
                                },
                                "type": "object"
                            }
                        },
                        "application/json": {
                            "schema": {}
                        }
                    }
                },
                "responses": {
                    "201": {
                        "description": "Next Of Kin Saved Successfully",
                        "content": {
                            "application/json": {
                                "schema": {}
                            }
                        }
                    },
                    "200": {
                        "description": "Next Of Kin Saved Successfully",
                        "content": {
                            "application/json": {
                                "schema": {}
                            }
                        }
                    },
                    "422": {
                        "description": "Unprocessable Entity",
                        "content": {
                            "application/json": {
                                "schema": {}
                            }
                        }
                    },
                    "400": {
                        "description": "Bad request"
                    },
                    "404": {
                        "description": "Resource Not Found"
                    }
                }
            }
        },
        "/api/nextofkin/{id}": {
            "put": {
                "tags": [
                    "NextOfKin"
                ],
                "summary": "Update Next of Kin Details",
                "description": "Updating next of kin details",
                "operationId": "NextOfKinUpdate",
                "requestBody": {
                    "content": {
                        "multipart/form-data": {
                            "schema": {
                                "required": [
                                    "name",
                                    "surname",
                                    "mobile_num",
                                    "nat_id",
                                    "date_of_birth",
                                    "gender",
                                    "relationship",
                                    "address"
                                ],
                                "properties": {
                                    "name": {
                                        "type": "text"
                                    },
                                    "surname": {
                                        "type": "text"
                                    },
                                    "mobile_num": {
                                        "type": "text"
                                    },
                                    "nat_id": {
                                        "type": "text"
                                    },
                                    "date_of_birth": {
                                        "type": "string",
                                        "format": "date"
                                    },
                                    "gender": {
                                        "type": "text"
                                    },
                                    "relationship": {
                                        "type": "text"
                                    },
                                    "address": {
                                        "type": "text"
                                    }
                                },
                                "type": "object"
                            }
                        },
                        "application/json": {
                            "schema": {}
                        }
                    }
                },
                "responses": {
                    "201": {
                        "description": "Next Of Kin Updated Successfully",
                        "content": {
                            "application/json": {
                                "schema": {}
                            }
                        }
                    },
                    "200": {
                        "description": "Next Of Kin Updated Successfully",
                        "content": {
                            "application/json": {
                                "schema": {}
                            }
                        }
                    },
                    "422": {
                        "description": "Unprocessable Entity",
                        "content": {
                            "application/json": {
                                "schema": {}
                            }
                        }
                    },
                    "400": {
                        "description": "Bad request"
                    },
                    "404": {
                        "description": "Resource Not Found"
                    }
                }
            },
            "delete": {
                "tags": [
                    "NextOfKin"
                ],
                "summary": "Delete Next of Kin Details",
                "description": "Deleting next of kin details",
                "operationId": "NextOfKinDelete",
                "parameters": [
                    {
                        "name": "id",
                        "in": "path",
                        "description": "Project id",
                        "required": true,
                        "schema": {
                            "type": "integer"
                        }
                    }
                ],
                "responses": {
                    "204": {
                        "description": "Successful operation",
                        "content": {
                            "application/json": {
                                "schema": {}
                            }
                        }
                    },
                    "401": {
                        "description": "Unauthenticated"
                    },
                    "403": {
                        "description": "Forbidden"
                    },
                    "404": {
                        "description": "Resource Not Found"
                    }
                }
            }
        }
    }
}